{
  "1126396317": {
    "cheap_stimpack": 5,
    "protein_bar": 7,
    "purified_water": 3,
    "rusty_knife": 11,
    "broken_chip": 1,
    "street_clothes": 9,
    "rare_components": 4,
    "scrap_metal": 5,
    "katana": 4,
    "legendary_armor": 3,
    "synth_energy": 8,
    "neuroblocker": 3,
    "stimpack": 3,
    "corpo_suit": 6,
    "combat_knife": 7,
    "armored_jacket": 6,
    "kiroshi_advanced": 2,
    "military_armor": 3,
    "maxdoc": 1,
    "thermal_katana": 1,
    "electronic_parts": 2,
    "legendary_blade": 1,
    "mantis_blades": 1,
    "legendary_pendant": 1,
    "bounce_back": 3,
    "monowire": 1,
    "sandevistan_basic": 1,
    "creation_code": 1,
    "universe_seed": 1
  }
}