{
    "version": "8.3.3-beta",
    "build": "2024122805",
    "releaseDate": "2024-12-28",
    "changelog": [
        "🔥 Version 8.3.3-Beta (INTERACTIVE & AESTHETIC)",
        "",
        "✅ Interactive Server List",
        "   - Modern Inline Keyboard Interface",
        "   - One-Click Manage (Start/Stop/Info)",
        "   - Auto Pagination (Next/Prev)",
        "",
        "✅ Interactive User Manager",
        "   - Inline User List with Roles",
        "   - Click to Delete/Reset Password",
        "",
        "⚡ Integrated Flow",
        "   - Seamless transition between Lists and Detail Menus"
    ],
    "downloadUrl": "https://raw.githubusercontent.com/NinoNeoxus/schnuffelll-database/main/latest.zip",
    "minVersion": "7.0"
}