{
    "version": "8.2.0-beta",
    "build": "2024122801",
    "releaseDate": "2024-12-28",
    "changelog": [
        "🎉 Version 8.1 - MEGA UPDATE!",
        "",
        "📦 PANEL MANAGEMENT (10 Commands)",
        "  /panelinfo, /panelusers, /panelservers",
        "  /panelnodes, /panelstats, /panelhealth",
        "  /panelbackup, /panelrestart, /panelclear",
        "",
        "🔥 Version 8.3-Beta (FIX CRASH)",
        "",
        "✅ Fixed CRASH on Install Menu (Message too long)",
        "✅ Simplified Install Menu Visualization",
        "✅ Fixed 'Ghost Features' disappearing from inline",
        "✅ Added 'List VPS' to Inline Menu",
        "✅ Fixed Update Loop & Zip Structure",
        "✅ Safe Update Mode (No more file loss)",
        "✅ Improved VPS Menu Navigation"
    ],
    "downloadUrl": "https://raw.githubusercontent.com/NinoNeoxus/schnuffelll-database/main/latest.zip",
    "minVersion": "7.0"
}