{
    "version": "8.9",
    "build": "2024122903",
    "releaseDate": "2024-12-29",
    "changelog": [
        "🔥 Version 8.9 - SSH TERMINAL + UPDATE FIX",
        "",
        "✅ NEW: SSH Terminal (Dev Only)",
        "   - /terminal - Start SSH session",
        "   - /terminal ip,password - Quick connect",
        "   - /cmd [command] - Execute any command",
        "   - /logs [lines] - View Wings/Panel logs",
        "   - /yaml - View Wings config.yml",
        "   - /status - Quick VPS status check",
        "   - /exit - Close SSH session",
        "",
        "✅ FIX: Bulletproof update detection",
        "   - Checks version number",
        "   - Checks build number",
        "   - Checks release date",
        "   - If ANY is newer = update available",
        "",
        "✅ FIX: Command conflicts resolved",
        "   - /info → /botinfo",
        "   - Removed duplicate /cadp, /unli",
        "",
        "✅ IMPROVED: CreateVPS with 15 specs",
        "✅ IMPROVED: CreateNode with logging"
    ],
    "downloadUrl": "https://raw.githubusercontent.com/NinoNeoxus/schnuffelll-bot/main/latest.zip",
    "minVersion": "7.0"
}