{
    "version": "8.3.2-beta",
    "build": "2024122804",
    "releaseDate": "2024-12-28",
    "changelog": [
        "🔥 Version 8.3.2-Beta (MODERNIZATION)",
        "",
        "✅ Unified Panel Menu (/panel)",
        "   - One command for all panel stats/users/servers",
        "   - Aesthetic Inline Interface",
        "",
        "✅ Cleaned Up Legacy Code",
        "   - Removed obsolete panel scripts",
        "   - Optimized codebase"
    ],
    "downloadUrl": "https://raw.githubusercontent.com/NinoNeoxus/schnuffelll-database/main/latest.zip",
    "minVersion": "7.0"
}