{
    "version": "8.4",
    "build": "2024122806",
    "releaseDate": "2024-12-28",
    "changelog": [
        "🔥 Version 8.4 (MAJOR UPDATE)",
        "",
        "✅ Interactive Server List",
        "   - Modern Inline Keyboard Interface",
        "   - One-Click Manage (Start/Stop/Info)",
        "   - Auto Pagination (Next/Prev)",
        "",
        "✅ Interactive User Manager",
        "   - Inline User List with Roles",
        "   - Click to Delete/Reset Password",
        "",
        "⚡ Integrated Flow",
        "   - Seamless transition between Lists and Detail Menus",
        "",
        "🛠️ System Stability",
        "   - Fixed Auto-Update Mechanism",
        "   - Robust Restart System"
    ],
    "downloadUrl": "https://raw.githubusercontent.com/NinoNeoxus/schnuffelll-database/main/latest.zip",
    "minVersion": "7.0"
}