{
    "version": "9.3",
    "build": "2024122907",
    "releaseDate": "2024-12-29",
    "changelog": [
        "🔥 Version 9.3 - REDEEM SYSTEM EXTENSION",
        "",
        "✅ NEW: Redeem Code System",
        "   - Owner: /createcode <nama> <hari>",
        "   - User: /redeem <kode>",
        "   - Akses fitur Install Panel & Management",
        "",
        "✅ SECURE: Feature Access",
        "   - User redeem BISA akses: Install, Panel Mgmt, Server Mgmt, Guard",
        "   - User redeem TIDAK BISA akses: Create VPS (Token Restricted)",
        "",
        "✅ FIX: Permissions",
        "   - /install, /swings, /antiddos now check for redeem access",
        "   - /guard now checks for redeem access"
    ],
    "downloadUrl": "https://raw.githubusercontent.com/NinoNeoxus/schnuffelll-bot/main/latest.zip",
    "minVersion": "7.0"
}