{
    "version": "9.4.1",
    "build": "2024122909",
    "releaseDate": "2024-12-29",
    "changelog": [
        "🔥 Version 9.4.1 - HOTFIX",
        "",
        "✅ FIX: STARTUP CRASH",
        "   - Fixed 'Identifier cpuSettings has already been declared'",
        "   - Fixed CPU Monitor syntax error",
        "",
        "✅ SAFETY STABLE (from v9.4)",
        "   - Update Safety V2 (Auto Backup/Restore)",
        "   - CPU Monitor Reporting"
    ],
    "downloadUrl": "https://raw.githubusercontent.com/NinoNeoxus/schnuffelll-bot/main/latest.zip",
    "minVersion": "7.0"
}