{
    "version": "8.5.1",
    "build": "2024122808",
    "releaseDate": "2024-12-28",
    "changelog": [
        "🔥 Version 8.5.1 HOTFIX",
        "",
        "✅ FIX: Cloudflare Proxy (Orange Cloud)",
        "   - Subdomain creation now defaults to Proxy OFF (Gray Cloud)",
        "   - Resolves connection/SSL errors during install",
        "",
        "✅ UPDATE: VPS List",
        "   - Added high-spec DO Droplet sizes (16GB & 32GB)",
        "",
        "✅ UI: Owner Menu",
        "   - Reorganized buttons for better visibility"
    ],
    "downloadUrl": "https://raw.githubusercontent.com/NinoNeoxus/schnuffelll-database/main/latest.zip",
    "minVersion": "7.0"
}