{
    "version": "8.3.1-beta",
    "build": "2024122803",
    "releaseDate": "2024-12-28",
    "changelog": [
        "🔥 Version 8.3.1-Beta (FEATURE FIXES & CLEANUP)",
        "",
        "✅ Added Dynamic DigitalOcean Management",
        "   - /adddo, /deldo, /listdo fully functional",
        "   - Create VPS supports multiple accounts dynamically",
        "",
        "✅ Fixed Hidden/Ghost Menus",
        "   - DNS Menu accessible via Owner Menu",
        "   - DO Menu accessible via Owner Menu",
        "",
        "✅ Cleanup & Optimization",
        "   - Removed legacy code in VPS module",
        "   - Safer CVPS logic"
    ],
    "downloadUrl": "https://raw.githubusercontent.com/NinoNeoxus/schnuffelll-database/main/latest.zip",
    "minVersion": "7.0"
}