{
    "version": "8.5",
    "build": "2024122807",
    "releaseDate": "2024-12-28",
    "changelog": [
        "🔥 Version 8.5 MAJOR UPDATE",
        "",
        "✅ FIX: Broken Menus",
        "   - Fixed 'Install Domain' menu (now opens interactively)",
        "   - Fixed 'CPU Monitor' missing in Owner Menu",
        "   - Validated DNS Menu accessibility",
        "",
        "✅ BRANDING: Clean & Professional",
        "   - Removed legacy '@sky' branding",
        "   - Renamed Subdomains to match Schnuffelll identity",
        "",
        "✅ NEW: Help Menu v8.5",
        "   - Complete rewrite of /help",
        "   - Categorized all commands (Panel, VPS, RPG, Auto)",
        "",
        "🛠️ System Stability",
        "   - Fixed initialization errors",
        "   - Improved button wiring"
    ],
    "downloadUrl": "https://raw.githubusercontent.com/NinoNeoxus/schnuffelll-database/main/latest.zip",
    "minVersion": "7.0"
}