{
    "version": "8.8",
    "build": "2024122902",
    "releaseDate": "2024-12-29",
    "changelog": [
        "🔥 Version 8.8 - COMMAND CONFLICTS FIX + VPS IMPROVEMENTS",
        "",
        "✅ FIX: Command conflicts resolved",
        "   - /info → /botinfo (avoid conflict with panel.js)",
        "   - Removed duplicate /cadp from usermgmt.js",
        "   - /unli → /srvunli in servermgmt.js",
        "",
        "✅ IMPROVED: /createnode command",
        "   - Enhanced logging with [CREATENODE] prefix",
        "   - Owner gets notification when node creation starts",
        "   - Better error messages for SSH failures",
        "   - Progress tracking during installation",
        "",
        "✅ IMPROVED: /createvps command",
        "   - Expanded to 15 VPS spec options",
        "   - Multiple 16GB configurations:",
        "     - 16GB/8CPU Basic ($96)",
        "     - 16GB/4CPU Regular ($96)",
        "     - 16GB/2CPU Memory-Opt ($84)",
        "     - 16GB/4CPU Dedicated ($120)",
        "   - Added 32GB and 64GB options",
        "   - New regions: Frankfurt, Sydney",
        "   - Better logging for debugging",
        "   - Auto-enable SSH password login",
        "",
        "✅ NEW: Debian 12 and Ubuntu 24.04 options",
        "✅ FIX: VPS creation error handling improved"
    ],
    "downloadUrl": "https://raw.githubusercontent.com/NinoNeoxus/schnuffelll-bot/main/latest.zip",
    "minVersion": "7.0"
}