{
    "version": "9.1",
    "build": "2024122905",
    "releaseDate": "2024-12-29",
    "changelog": [
        "🔥 Version 9.1 - AUTO-ADD GROUP TRACKING",
        "",
        "✅ FIX: Step 3 sekarang tampilkan DAFTAR GRUP",
        "   - Bot otomatis track semua grup yang dia join",
        "   - Tinggal pilih dari list, ga perlu input ID manual",
        "",
        "✅ NEW: /idgb command",
        "   - Cek ID grup (jalankan di grup)",
        "   - Alias: /idgrup, /groupid",
        "",
        "✅ NEW: /listgroups command",
        "   - Lihat semua grup yang bot join",
        "   - Untuk debugging dan tracking",
        "",
        "✅ IMPROVED: Group tracking",
        "   - Bot simpan grup ke bot_groups.json",
        "   - Track saat ditambahkan, saat ada pesan",
        "   - Hapus otomatis saat di-kick",
        "",
        "✅ INCLUDED: All v9.0 features",
        "   - Auto-add tanpa pilih role",
        "   - /cleanmem, /createcert, /terminal"
    ],
    "downloadUrl": "https://raw.githubusercontent.com/NinoNeoxus/schnuffelll-bot/main/latest.zip",
    "minVersion": "7.0"
}