{
    "version": "9.4",
    "build": "2024122908",
    "releaseDate": "2024-12-29",
    "changelog": [
        "🔥 Version 9.4 - SAFETY & STABILITY UPDATE",
        "",
        "✅ FIX: CPU MONITOR",
        "   - Auto Report: Bot lapor 'Status Aman' tiap interval cek",
        "   - Improved alerting logic",
        "",
        "✅ SAFETY: UPDATE SYSTEM V2",
        "   - AUTO BACKUP: Config & Database dibackup otomatis sebelum update",
        "   - AUTO RESTORE: Data dikembalikan setelah update selesai",
        "   - Anti-Data Loss Protection",
        "",
        "✅ NEW: REDEEM SYSTEM (from v9.3)"
    ],
    "downloadUrl": "https://raw.githubusercontent.com/NinoNeoxus/schnuffelll-bot/main/latest.zip",
    "minVersion": "7.0"
}