{
    "version": "9.2",
    "build": "2024122906",
    "releaseDate": "2024-12-29",
    "changelog": [
        "🔥 Version 9.2 - COMPLETE AUTO-ADD & FIXES",
        "",
        "✅ FIX: Group Selection Button (Fixed 'callback data too long')",
        "   - Use short index instead of full ID for buttons",
        "",
        "✅ NEW: Manual Group ID Input",
        "   - Di Step 3, bisa ketik ID grup manual",
        "   - Fallback jika grup tidak muncul di list",
        "",
        "✅ INCLUDED: All v9.1 features",
        "   - Group tracking (bot_groups.json)",
        "   - /idgb command",
        "   - /listgroups command",
        "",
        "✅ STABLE: Auto-Add System",
        "   - Setup di Private Chat",
        "   - Auto-add member tanpa pilih role"
    ],
    "downloadUrl": "https://raw.githubusercontent.com/NinoNeoxus/schnuffelll-bot/main/latest.zip",
    "minVersion": "7.0"
}