{
    "version": "9.0",
    "build": "2024122904",
    "releaseDate": "2024-12-29",
    "changelog": [
        "🔥 Version 9.0 - MAJOR AUTO-ADD REWRITE",
        "",
        "✅ NEW: Auto-Add Flow (Setup di Private Chat)",
        "   - /autoadd → Setup semua di private chat",
        "   - Step 1: Masukkan channel",
        "   - Step 2: Pilih role (address/addpr/addown/prem)",
        "   - Step 3: Forward message dari grup target",
        "   - User ketik 'add' = LANGSUNG di-add (tanpa pilih role)",
        "",
        "✅ NEW: /cleanmem command",
        "   - Hapus semua user yang di-add via auto-add",
        "   - Bersihkan database dari member lama",
        "",
        "✅ NEW: /createcert alias for /gencert",
        "   - Generate SSL certificate untuk node Wings",
        "   - Untuk node yang masih merah",
        "",
        "✅ IMPROVED: /swings command",
        "   - Auto-generate SSL certificate saat deploy",
        "   - Auto-restart wings setelah config",
        "",
        "✅ INCLUDED: SSH Terminal (v8.9)",
        "   - /terminal, /cmd, /logs, /yaml, /status",
        "",
        "✅ INCLUDED: Bulletproof Update Detection",
        "   - Check version, build, AND date"
    ],
    "downloadUrl": "https://raw.githubusercontent.com/NinoNeoxus/schnuffelll-bot/main/latest.zip",
    "minVersion": "7.0"
}