{
    "version": "8.1",
    "build": "2024122721",
    "releaseDate": "2025-12-27",
    "changelog": [
        "🎉 Version 8.1 - MEGA UPDATE!",
        "",
        "📦 PANEL MANAGEMENT (10 Commands)",
        "  /panelinfo, /panelusers, /panelservers",
        "  /panelnodes, /panelstats, /panelhealth",
        "  /panelbackup, /panelrestart, /panelclear",
        "",
        "🤖 AUTOMATION (9 Commands)",
        "  /autolist, /autobackup, /autorestart",
        "  /autocheck, /autostop, /broadcast",
        "  /schedule, /reminder, /stats",
        "",
        "🔐 LICENSE SYSTEM (6 Commands)",
        "  /licadd, /licremove, /liclist",
        "  /liccheck, /licgenerate, /mylicense",
        "  Token-based access control (DEV only)",
        "",
        "🔗 AUTO-ADD CHANNEL (5 Commands)",
        "  /daftar - Register via channel join",
        "  /setautoadd, /setchannel, /autoaddinfo",
        "  Auto Premium/Reseller when join channel",
        "",
        "🌐 DNS MANAGEMENT (7 Commands)",
        "  /dnslist, /dnscheck, /dnsadd",
        "  /dnsdelete, /dnsproxy, /dnssettings",
        "  /dnsclean - Cleanup dead subdomains",
        "  Cloudflare integration",
        "",
        "🎮 RPG EXPANSION (34+ Commands)",
        "  Shop: /shop /buy /sell /inventory /use /gift /items /daily",
        "  Quest: /quest /questlist /queststart /questactive /achievement",
        "  Guild: /guild /guildcreate /guildjoin /guildleave /guildbattle",
        "  Leaderboard: /leaderboard /top /topgold /myrank /profile",
        "",
        "🔧 BUG FIXES",
        "  Fixed RPG module paths (../../lib/function)",
        "  Fixed panel.js legacy require",
        "  Fixed Linux ZIP extraction fallback",
        "  Improved callback query handling"
    ],
    "downloadUrl": "https://raw.githubusercontent.com/NinoNeoxus/schnuffelll-bot/main/latest.zip",
    "minVersion": "7.0"
}