{
    "domain": "https://porto.schnuffelll.my.id",
    "plta": "ptla_suZQVcLewDaOjNSCX6WZf7yTkzLNeAXxciNELmB3Eif",
    "pltc": "ptlc_dmmla4V46sYZeb75AyB7URXoWGxL4G3Xn29x3EQyIUP",
    "domainPriv": "-",
    "pltaPriv": "-",
    "pltcPriv": "-",
    "domainV2": "https://scnufell.serverku.biz.id",
    "pltaV2": "ptla_bGRXXN2hoRqdMhabdTxb5xL4qCXARpjp27uywiozmc5",
    "pltcV2": "ptlc_W7N4ywEnSXhSKJIoDBSMqG0BZExbocBkQb8fbAOUOs9",
    "domainV3": "https://izumi-vera-panel.izumivera.my.id",
    "pltaV3": "ptla_vP0C5Ac2eCb9rqpJcUHTFYihF2HGe3SKzRebnSmmnbT",
    "pltcV3": "ptlc_XST0TUpGTG0P9QUhFBtwX4l5N5lSHUfjpxcUi9ViHWW",
    "domainV4": "-",
    "pltaV4": "-",
    "pltcV4": "-",
    "domainV5": "-",
    "pltaV5": "-",
    "pltcV5": "-"
}